Link,Username,Rank,Timeline,Review,Response
https://lh3.googleusercontent.com/a-/ALV-UjWHbbHyID9JAf9BHT7KFu3de-6BWe5hYGy8KCYw-eadFX8=w45-h45-p-rp-mo-ba3-br100,Saurabh Kanade,Local Guide Â· 37 reviews Â· 20 photos,6 months ago,"Amezing ClassRooms.
Air Conditioner & Fan Both are Available In Each Class.
5 Floors Building. â€¦",Like
https://lh3.googleusercontent.com/a/ACg8ocKaRpBWNmcAV2379Q7sRK5dn039G9qSigl2QfDCg6Zw=w45-h45-p-rp-mo-ba4-br100,Rasika Pujare,Local Guide Â· 18 reviews Â· 170 photos,2 years ago,"I visited the institute as it was my examination center for the online exam. It is accessible from Thane Railway Station either by TMT BUS, Private BUS or by an auto rickshaw. The place is big as it is an engineering college but from â€¦",
https://lh3.googleusercontent.com/a-/ALV-UjV4l0yDdua3Sgmene5dJ4SiGYfL-m7OpcayJbiztQVWZM_A=w45-h45-p-rp-mo-ba4-br100,V S,Local Guide Â· 22 reviews Â· 7 photos,2 months ago,"This was my CAT exam center. Though exam didn't go very well, center was good.
Very well organised and managed, no disturbance while taking the exam. Although it's close to the highway but still there was no noise inside, rather pin drop â€¦",Share
https://lh3.googleusercontent.com/a-/ALV-UjUV4dlJ4SnLtsEz3qW9Ufbpx-e8lr58WzcJgMUnsO2Rulw=w45-h45-p-rp-mo-ba3-br100,Sneha Yadav,Local Guide Â· 7 reviews Â· 61 photos,4 years ago,"It's the best college in Thane, growing rapidly in academics, co-curricular and extracurricular activities. â€¦",
https://lh3.googleusercontent.com/a-/ALV-UjWllbrtiw7IEkGM1imvZe-xDrLutjGtNbI4EXltXmMzNQ=w45-h45-p-rp-mo-ba6-br100,AJP Travel,"Local Guide Â· 112 reviews Â· 3,469 photos",2 years ago,"It is beside highway so keep check on take in right on time (otherwise need to take far away U-turn)....
While you enter there is nice green plant decorations like garden... â€¦",
https://lh3.googleusercontent.com/a-/ALV-UjXwfmbZ_qWDiQBoEHXd4xuKv2BjECfjBOD2lGWxUqveOWU=w45-h45-p-rp-mo-ba3-br100,HARSH SHIRKE,Local Guide Â· 36 reviews Â· 55 photos,4 months ago,"Best college for engineering colleges if in front of biggest mall  minimum percentage required is above 80 percentage,40 min away from Thane railways station, government bus fare is 20rs , share rickshaw is 30rs and private rickshaw fareis 90rs",Share
https://lh3.googleusercontent.com/a-/ALV-UjUg_-uLZMQbHEimnhxcrvFiV9MY2oT4peZQwbvjQMCvYFaj=w45-h45-p-rp-mo-ba3-br100,Akansha Rawat,Local Guide Â· 14 reviews Â· 48 photos,3 years ago,"AP SHAHÂ  INSTITUTE OF                      TECHNOLOGY

A college full of passion, whose faculty are the best inÂ every branch ( EXTC, â€¦",
https://lh3.googleusercontent.com/a-/ALV-UjWVmmRXcvdGvH2562hNajKRD0QWljiJXIo9I-ZAPSQicpAd=w45-h45-p-rp-mo-ba4-br100,Rajat Bopalkar,Local Guide Â· 111 reviews Â· 30 photos,4 years ago,"A.P. Shah Institute of Technology, one of the best college technical College in Thane District, located on GB road can be easily reached from central as well as western line. This college not only provides basic education but also focuses â€¦",
https://lh3.googleusercontent.com/a-/ALV-UjUCmy3cWyqsiLxrxhgqghkLrKYzB8ELYaNV1yAwjVTmMNA=w45-h45-p-rp-mo-br100,Yash Chavan,5 reviews Â· 11 photos,4 years ago,"This is one of the best engineering college in Mumbai, and soon it will be one of the top institution in India. â€¦",
https://lh3.googleusercontent.com/a/ACg8ocK9vVUJTD9OwPE6jMZnhs2pd-mQLugvxPlVIjS9N-v1=w45-h45-p-rp-mo-br100,anagha aher,3 reviews Â· 8 photos,4 years ago,"The Infrastructure of this college is excellent. There are a lot of extra-curricular activities that go on around the year to keep you engaged not only in books and academics but also in the various technical, sports and cultural â€¦",
https://lh3.googleusercontent.com/a/ACg8ocKbo-cr52_zY03SxFoKfn5ORgOV0saLOTLKRzGMtc4P=w45-h45-p-rp-mo-br100,Kiran Gourshete,1 review Â· 14 photos,4 years ago,One of the best Engineering colleges in thane with best infrastructure including all labs & classrooms Air Conditioned. â€¦,
https://lh3.googleusercontent.com/a-/ALV-UjWKX8Yv9Revq8MBIR6af99ok_5TA0JZlNoCYmqnk_PG0g=w45-h45-p-rp-mo-ba3-br100,AMOL SHINDE,Local Guide Â· 20 reviews Â· 11 photos,a year ago,One of best college in Thane District. Mechanical Engineering branch having all the advance facilities to learn.,
https://lh3.googleusercontent.com/a-/ALV-UjVbRJoHqaNqSrzDDAsGyv5peu_jSGNmgg0WIqpaWjjjmlE=w45-h45-p-rp-mo-ba3-br100,Amogh Kadam,Local Guide Â· 23 reviews Â· 50 photos,4 years ago,"APSIT is one of the best college in Mumbai suburbs.
1. College is having a very good infrastructure with ample of facilities.
2. College provides AC classrooms, advanced labs. â€¦",
https://lh3.googleusercontent.com/a-/ALV-UjW7H8fAVgns3UvnCDu9njVEPt2WcaRKDD3k7iOLBg_7qRo=w45-h45-p-rp-mo-br100,Shreya Bhutada,2 reviews Â· 3 photos,4 years ago,APSIT has really changed life of all the students who are pursuing their degree in the college. I can proudly say that it is one of the most happening colleges of Mumbai. â€¦,
https://lh3.googleusercontent.com/a-/ALV-UjXbZqAOy8Uh8yztpWckcwp0qi-TppVVh4ao57XAfAKU9g=w45-h45-p-rp-mo-br100,AVISHKAR RAUT,1 review Â· 3 photos,4 years ago,"One of the best and upcoming college as compared to other colleges in Thane and Mumbai...
College has nice infrastructure, all classroom are provided with projectors and â€¦",
https://lh3.googleusercontent.com/a-/ALV-UjXvnDXw2pW3P-S719wUsN5Y61WzLUMad1M3oF0qTBP08lY=w45-h45-p-rp-mo-ba4-br100,Selvin Furtado,Local Guide Â· 44 reviews Â· 130 photos,5 years ago,"Great management, ample facilities for students. Road touch location. Good infrastructure, both civil as well as IT. IT infrastructure is constantly upgraded. Air Conditioned Computer Labs, with lease line internet connection. Happening campus, technically, culturally and in sports too.",
https://lh3.googleusercontent.com/a-/ALV-UjVVmdEtQsv3FJyHismIYQieq_rUgU16JwsS5Ib6ekgzprB8=w45-h45-p-rp-mo-ba4-br100,Siddhi Sawant,Local Guide Â· 67 reviews Â· 155 photos,11 months ago,"This was my center for a Govt exam
The institution is well maintained, clean, spacious with proper instruction and sign boards. The staff is courteous and managed the exam invigilation process â€¦",Share
https://lh3.googleusercontent.com/a-/ALV-UjUDW_eLUfElkYFjQDO-HR_5v0BUP2hNlZknKlBPIlyOroLL=w45-h45-p-rp-mo-ba6-br100,Sankett Mhatre,"Local Guide Â· 213 reviews Â· 1,612 photos",4 years ago,"Very good college infrastructure which includes banks, restaurant and Toyota showroom in the college itself",
https://lh3.googleusercontent.com/a/ACg8ocKGZaD2TqDE7_rUU1qbTMGyT48N86qubIHzu4sPxeEg=w45-h45-p-rp-mo-br100,Himanshu Behra,11 reviews,4 years ago,"One of the best upcoming college. They are seriously trying to improve their education quality.
Canteen provides excellent food and infrastructure may not look so good from â€¦",Share
https://lh3.googleusercontent.com/a/ACg8ocKqodMfXl8I2F_naOIwZT1Iii9wzYWVCxScjNgE-lUk=w45-h45-p-rp-mo-br100,anushri tambe,6 reviews,4 years ago,"Awesome  College with excellent facilities for students like Project Based Learning, Foreign Languages all for free of cost.
College has lot of industrial collaborations. It has excellent placement cell. â€¦",Share
https://lh3.googleusercontent.com/a/ACg8ocIlYIgGRltKVSkOhJc2EpzzCUclvcuymVjxfO7ik4UX=w45-h45-p-rp-mo-br100,Manish gadle,2 reviews,4 years ago,"One of the best college in Maharashtra. Very good infrastructure and labs. Facilities like Project Based Learning, Foreign languages that too free of cost, helps students to stand with confidence in Industry. Various events are organised in â€¦",Share
https://lh3.googleusercontent.com/a/ACg8ocLW4hwa0KT05YmNHCCuDPBNPnVG_aQtHbS_LrCPvmqE=w45-h45-p-rp-mo-br100,Inwincible I am,1 review,4 years ago,It is best college under university of Mumbai. Following are some unique features. I heard they reward students with high attendance. Foreign languages are taught here for interested students without any financial burden. There is Project â€¦,Share
https://lh3.googleusercontent.com/a-/ALV-UjV5aIib2HvbtJ_UvaeuudNYCESJp_ZqHSqBr9KqBe4VhtY=w45-h45-p-rp-mo-ba4-br100,Juee Gunjal,Local Guide Â· 66 reviews Â· 115 photos,2 years ago,"Nice infrastructure. Staff is good. This place is just awesome , It's NBA accredited , you will get best knowledge here. It has 4-5 engineering courses. This institute provides you industry knowledge along with bookish knowledge. Each and â€¦",Share
https://lh3.googleusercontent.com/a/ACg8ocJSMSRSUgPIBMLLHgqXzt53M-aLoukooI4QrWC4Ccm6=w45-h45-p-rp-mo-br100,Mamta Kurvey,1 review,4 years ago,The infra structure of the college is very good. The staff members are well qualified and experienced. All the staff members are ready to help students for their queries.  Project based learning (PBL) is offered to students without any â€¦,Share
https://lh3.googleusercontent.com/a/ACg8ocL_aUelDx2oq-ZT5br40wLV96capLh4BkghP9pWTqi4=w45-h45-p-rp-mo-br100,Vinod Nair,1 review,3 years ago,"A. P. Shah Institute of Technology,Â  bestÂ  technical College in Thane District, located on GB road. The interior and the infrastructure is very goodÂ and attractive by which any one can come and join the institution. It Has good Library and â€¦",Share
https://lh3.googleusercontent.com/a/ACg8ocJq0qP8RlnXYwg-pRdwBHlV5nz30ZKWrJ5hSxZuC4xRdg=w45-h45-p-rp-mo-br100,Dilip Ray,1 review,11 months ago,"It's the Thane's best Engineering college. Little Expensive just for infrastructure and Ac Classrooms.
Faculties are good except the some of them are not so helping type.",Share
https://lh3.googleusercontent.com/a-/ALV-UjX41OtA7w9hN75beAQfHCHrXq0IsXRism7nZrwAWExUDFM=w45-h45-p-rp-mo-br100,Komal B Gujarati,2 reviews,4 years ago,"The college is very good and road touch.

The faculty is nice and good infrastructure. â€¦",Share
https://lh3.googleusercontent.com/a/ACg8ocKh706aWZeWuJpp8YENhJcNCsuUye5j5l_A1Y8FT05g=w45-h45-p-rp-mo-br100,chinmay sapre,1 review,4 years ago,"The best upcoming Engineering college, which aims to groom the students over and above academics. The facilities served are top-notch, accompanied with latest technologies in all the sectors made available to the students. The college takes â€¦",Share
https://lh3.googleusercontent.com/a-/ALV-UjVVv3OypA80ScYlhvnZivjk1FGlAq6LByVsJoMjRDqp0w=w45-h45-p-rp-mo-br100,Keshav Gupta,18 reviews Â· 9 photos,4 years ago,"One of the best college in Maharashtra easy to locate .
Good infrastructure with all the facilities in the campus itself like canteen , bank, parking, restaurant and many more. â€¦",Share
https://lh3.googleusercontent.com/a-/ALV-UjX5eCMD2rQxaNyefFdCg_ysyjmRtcGFHABl3ERmjWnegtI=w45-h45-p-rp-mo-br100,rohit magdum,4 reviews,4 years ago,Well known college in Thane ..Students are motivated to take part in various events which improves their practical knowledge..Campus placements are also good. All faculty and staff are helpful. Students who want to become entrepreneur also get various trainings to improve capabilities that too free of cost.,Share
https://lh3.googleusercontent.com/a/ACg8ocKgnFNAnCVqZtK_3-7tVVNVn6fqSiqN79tnSq27qGOd=w45-h45-p-rp-mo-br100,Panku Jadu,2 reviews,4 years ago,"Excellent engineering college in Mumbai university.
Location is road touch.
All classes are equipped with smart boards, projector and A.C. â€¦",Share
https://lh3.googleusercontent.com/a-/ALV-UjWcKSrX6kykEhBHzCqBVuvPMFpN0EnLaWpzUSEXkWCY5xO_=w45-h45-p-rp-mo-br100,SHIV KORE,3 reviews,4 years ago,"One of the best college in Maharashtra. Very good infrastructure and labs. Facilities like Project Based Learning, Foreign languages that too free of cost, helps students to stand with confidence in Industry. Very Good College.",Share
https://lh3.googleusercontent.com/a-/ALV-UjUd2bhbt8KyDuGZPzsOcpMV9QP2TOH0P4Yk5mx_K03NewA=w45-h45-p-rp-mo-ba4-br100,harish fegade,Local Guide Â· 118 reviews Â· 180 photos,4 years ago,College has very nice and well built infrastructure. The labs are fully functional with well maintained machines. Teaching pattern is inline with industry requirements. Skill development program is a great initiative to make students well versed with industry trends and help them to make appropriate career choices.,Share
https://lh3.googleusercontent.com/a-/ALV-UjXrYZ0Ww1jaSXmVLZbBYD2jDqRSNirW6s9xNx5uz7qprsk=w45-h45-p-rp-mo-br100,amol kalugade,8 reviews Â· 5 photos,4 years ago,"Education is not a business, it's service to society...this is ideology of the management. one of the top upcoming institute in Mumbai. Students are trained not only with bookish knowledge but with moral and social values through technical â€¦",Share
https://lh3.googleusercontent.com/a-/ALV-UjUgZ3QEDy4xRSCsJ184bByR6pdaRDsz-VPUcSWMXCEL3Cc=w45-h45-p-rp-mo-br100,Swapnil Jayawant,2 reviews,4 years ago,"A. P. Shah Institute of Technology is one of the best college in Mumbai. it has well equipped AC labs/classrooms, excellent infrastructure and clean canteen. Project based learning ,industrial collaboration, GATE training, Foreign language â€¦",Share
https://lh3.googleusercontent.com/a/ACg8ocJroH4MrUlrCmdmM0vR8BBdpphZi89_c6egtE1NUL_I=w45-h45-p-rp-mo-br100,Nithya K.,1 review,4 years ago,The best college for Engineering in Thane with awesome infrastructure. Laboratories are well equipped. Students are given opportunity to learn through Project based learning too. Excellent faculties. It is the right choice for engineering aspirants.,Share
https://lh3.googleusercontent.com/a-/ALV-UjXuPebysrzIpF3iqK0f2Iz4o1uqRQsXNdc0tG2GiFFX1w=w45-h45-p-rp-mo-br100,Manisha Samant,1 review,4 years ago,"Perfect place to start your engineering career as student.

very nice college. friendly cooperative and helpful teaching and non teaching â€¦",Share
https://lh3.googleusercontent.com/a-/ALV-UjWh5rmVbsan4hmlE-BEcLYSYgtk9YaeJiCl1uRdt4a6Qf4=w45-h45-p-rp-mo-ba3-br100,abhishek,Local Guide Â· 33 reviews Â· 12 photos,a year ago,"Nice online exam centre. TCS NQT happens here other govt exams also are conducted. Proper AC functionality, ventilation is there. Parking is also present inside college. Place is clean but I did not find it sanitize thoroughly. Hence, 1 less star rating given.",Share
https://lh3.googleusercontent.com/a/ACg8ocJWSD7MOEg3dsRC1bX1VYpfjrNqlJcDejS68Hj8wk5qmg=w45-h45-p-rp-mo-br100,Nancy Sinollin,3 reviews,4 years ago,It is one of the best engineering college in Mumbai. All classrooms and labs are air conditioned.  All staff members are well qualified and experienced.  Foreign languages are  taught free of cost for  interested students.  Students get  opportunity to learn through Project Based Learning also.,Share
https://lh3.googleusercontent.com/a/ACg8ocJXfN5AoDKjQ7O3dR7S8WaN58DRXSULW8WL9-rr_py7=w45-h45-p-rp-mo-br100,Jaya Gupta,2 reviews,4 years ago,"Best engineering college in Thane.

Road touch location. Transportation connectivity is never an issue. â€¦",Share
https://lh3.googleusercontent.com/a-/ALV-UjXYYA38Y3fLVIwS9zCECaycd6yPhk71Drc17jvfI7ALuA=w45-h45-p-rp-mo-br100,Archana Kotangale,1 review,4 years ago,"APSIT is the best choice for the Engineering aspirant students with wide range of engineering courses to offer and best in class infrastructure and faculty.
Being in Thane,it is well connected with all means of transportation. â€¦",Share
https://lh3.googleusercontent.com/a-/ALV-UjUXTh7tSwC6OOliYw2T0MB06RF2G4zHEQFIyEp2a52fsO8=w45-h45-p-rp-mo-br100,Dr. Suma sreedhar,8 reviews Â· 8 photos,4 years ago,It is one of the best colleges in Mumbai. It is situated in the prime location of Ghodbundher Road. Students from any location can commute. Good infrastructure and amenities. â€¦,Share
https://lh3.googleusercontent.com/a-/ALV-UjUvjnbV5D2UveuzRdQEEX19tPnF5xmNvC9fTuLgeuZRGkji=w45-h45-p-rp-mo-br100,Sonali Nikam,1 review,4 years ago,"A. P. Shah Institute of Technology is very nice institution with the best management which gives many facilities to the students like free of charge GATE classes, free foreign language classes, &  Project Based Learning.  Infrastructure of â€¦",Share
https://lh3.googleusercontent.com/a-/ALV-UjXlAG1T4BpHeFpUljzRHMn8-DCbLWBawKbhW-pbAng8ITc=w45-h45-p-rp-mo-br100,Rujata Saraf,2 reviews,4 years ago,"It's one of the best emerging college with good infrastructure and facilities...
The college Provides many technology oriented platforms to students for their â€¦",Share
https://lh3.googleusercontent.com/a/ACg8ocKL5Rw6WPHlvVuE2a-Fe0dVgwsFC9IruaOWbZ_xGMpa=w45-h45-p-rp-mo-br100,Apeksha Mohite (Anjaneya),4 reviews,4 years ago,A college that helps its students stand in competing technical world. Best infrastructure and labs. Outrageous progress in industrial collaborations. A place to gain knowledge to empower ones career. College that promotes students in all â€¦,Share
https://lh3.googleusercontent.com/a/ACg8ocKrT60U01D6k0P3VRmHS_wLivCojEn9wOHlIiVs6FYc=w45-h45-p-rp-mo-br100,Nilkanth Saraf,1 review,3 years ago,Good college with excellent facilities. The faculties appointed are extremely talented and also the digital board and other e learning facilities help students to learn concepts thoroughly. One of the best engineering colleges in Mumbai,Share
https://lh3.googleusercontent.com/a-/ALV-UjW9IQ_sp_SzVP1EbJnFwNmhZgkkI0lLLouYGyM7tzgXL7o=w45-h45-p-rp-mo-br100,Prajwal Mhatre,4 reviews Â· 5 photos,4 years ago,The Infrastructure of the college is very well. The classroom is smart class and all classrooms are AC classroom.  Each lab is well-equipped with the latest technology so that student can refine their knowledge. It has the library with â€¦,Share
https://lh3.googleusercontent.com/a-/ALV-UjWySQSzPysQ6LN8UB1m_VYybJhb9J5TSwshCwY_RQpDfwKV=w45-h45-p-rp-mo-ba4-br100,Kshitij Chaudhari,Local Guide Â· 68 reviews Â· 47 photos,5 years ago,The college has a great infrastructure and all the necessary facilities for students. The college management is good and faculties are highly qualified with advance learning tools used for students benefit.The location is easily accessible and highway attached with all other facilities available in its vicinity.,Share
https://lh3.googleusercontent.com/a/ACg8ocK0GOuEcmO7NUiotMXFBiOIgbchkPUfxNwIzyBb26u9=w45-h45-p-rp-mo-br100,Akshayata nadiminti,4 reviews,4 years ago,Good college !! Great faculty ! College environment is friendly for students ... they teach using modern aspects ... they also try and reduce the industrial gap . Faculty is trained to teach students the way they want ... faculty is all â€¦,Share
https://lh3.googleusercontent.com/a/ACg8ocKPVpsS6FY9I5Eoca2Yy0lYSTS2eYbXWzYxun2kFqyx=w45-h45-p-rp-mo-br100,Nahid,1 review,4 years ago,"This is best institute for engineering in Thane.
College Provides Project based learning, Gate training, foreign language training and value addition program. Placement is very good,students are placed in Big â€¦",Share
https://lh3.googleusercontent.com/a-/ALV-UjW_X_OXDHWEEVV5s70LJZ9vGW1TGuOVr1YL4MyP8CYXvKY=w45-h45-p-rp-mo-br100,Swaroop Deshmukh,4 reviews,4 years ago,"Very ambitious institute, constantly exploring various endeavors in its strive towards its vision to be a premier institute in the field of engineering. Main strength of the institute is dedicated faculty who leave no stone unturned in â€¦",Share
https://lh3.googleusercontent.com/a-/ALV-UjVwpSZVH1fV1QkELSpgtGtbgI_LBE53fe_8wvz9fEzHSHI=w45-h45-p-rp-mo-br100,Swapna Sawant,5 reviews,4 years ago,"A P Shah Institute of Technology is very good college. It has highly qualified faculties and great infrastructure. There are adequate sports facilities. Placement rate is high. Foreign languages like Japanese, German, Spanish, French and Chinese are taught free of cost for interested students along with technical education.",Share
https://lh3.googleusercontent.com/a/ACg8ocI79AElo1MoBHKvqLsrwlJAPbI5XGHV-WWaYBYf82x9=w45-h45-p-rp-mo-br100,Shweta Mahajan,1 review,4 years ago,"The college is very good and road touch.

The faculty is nice and good infrastructure. â€¦",Share
https://lh3.googleusercontent.com/a/ACg8ocJMStfsKSh8WXk9dO5ESeB5kCjn30OMxEBhtdUTNFSm=w45-h45-p-rp-mo-br100,Pankaj Jadhav,3 reviews,4 years ago,"It's best engineering college of Mumbai.
Placement record is so good.
Location is superb. â€¦",Share
https://lh3.googleusercontent.com/a/ACg8ocJo-dv83tZXb5uHzHeMMe2l6sAhtyf1VNT_9zWbZ2iW=w45-h45-p-rp-mo-br100,shruti godbole,4 reviews,4 years ago,"APSIT, one of the best college in mumbai university

There are many courses for students to achieve excellent job. With syllabus, â€¦",Share
https://lh3.googleusercontent.com/a-/ALV-UjWZf_Ygthc9YTn2pQjJ7uq-kaWmfpNxfXjRdVogT0kkTxo=w45-h45-p-rp-mo-br100,jay mehta,4 reviews,4 years ago,"very nice college. friendly cooperative and helpful teaching and non teaching staff.
Amazing infrastructure both civil and IT. â€¦",Share
https://lh3.googleusercontent.com/a-/ALV-UjWFUfKLL6oSEni8NqaIkDPMW_JKHPVk185bJyyCXiUIFB-J=w45-h45-p-rp-mo-br100,unknown,1 review,4 years ago,"AP Shah Institute has best infrastructure. It provide student with all facility like music room, highly equipped labs, placement in MNC. Various events are organised in the college for overall development of students. There are various â€¦",Share
https://lh3.googleusercontent.com/a-/ALV-UjW-_i8mDgLU3LbT-cDAH8FSq1vouN0QpjRvIV79kTM9NISF=w45-h45-p-rp-mo-ba7-br100,Ashish Nalawade,"Local Guide Â· 702 reviews Â· 6,126 photos",4 years ago,"A. P. Shah Institute of Technology, on of best college in mumbai university
Not only for teaching level but also great in extra curriculum activities.
There are many courses for students to achieve excellent job. â€¦",Share
https://lh3.googleusercontent.com/a-/ALV-UjW4FD0rNvjocK6Hd_zqXBHPJXbzMKZjhezXbKQqf-LhaX27=w45-h45-p-rp-mo-br100,Rakibul Islam Salafi (Babu),"398 reviews Â· 3,178 photos",6 years ago,Nearest Bus Stop is SAI NATH NAGAR BUS STOP & Nearest Railway Station is THANE...... Nice Building Maa shaa Allah in front of G Corp..... Official area,
https://lh3.googleusercontent.com/a-/ALV-UjVeTwYaAGygAcjsCaQ9Vd4EoLE0TswAz8pcTN--ujQv_skP=w45-h45-p-rp-mo-ba4-br100,IamOmkarD,Local Guide Â· 62 reviews Â· 123 photos,3 years ago,"A place where quality Engineers pass out from.

From being awarded as the BEST Upcoming Engineering college within Mumbai â€¦",Share
https://lh3.googleusercontent.com/a-/ALV-UjVJ6GmR1ue6q1czL9yz-QLKYvZJDVRpnCLmap5iTduTrQBi=w45-h45-p-rp-mo-br100,Ashika Bangera,2 reviews,4 years ago,It is one of the best emerging engineering college in mumbai with good infrastructure and management. â€¦,Share
https://lh3.googleusercontent.com/a/ACg8ocLS2BfcPv3oMsm6B62uPhT5f1fNs31Nm_f_sSYesvgP=w45-h45-p-rp-mo-br100,Nilesh Aher,7 reviews,4 years ago,The infrastructure of the college is very good starting from the main gate. Greenery makes the campus more beautiful. As soon as you enter the reception you get blessings of prestine white Saraswati Idol. The library has lots of books of â€¦,Share
https://lh3.googleusercontent.com/a-/ALV-UjWxu_xhMa2ZkYbcA0oegB0NhAaE9PjRCJ4quSQ1TNX9Gg=w45-h45-p-rp-mo-br100,Puja Sakpal - Chavan,1 review,4 years ago,APSIT is the best engineering college.It has best infrastructure having enthusiastic nature around it. This college is providing many facilities for students. All classrooms & Labs are Air conditioned with smartboard & projectors. This â€¦,Share
https://lh3.googleusercontent.com/a-/ALV-UjWh4lF9qDdqo9_abvzpp8B71YiwPn33CPV3-kvqaW82PGg=w45-h45-p-rp-mo-br100,Hemant Chaudhari,3 reviews,3 years ago,"A P Shah Institute of Technology is one of the best Emerging college in Thane, Mumbai.
College has good infrastructure and excellent faculties. â€¦",Share
https://lh3.googleusercontent.com/a-/ALV-UjUy1ETdihIKSe2GvW3jdC6vukQtnl1tu3DEe5TH2h1EnBHS=w45-h45-p-rp-mo-ba2-br100,Jackson Mudaliar,Local Guide Â· 8 reviews,4 years ago,"Value for money. Compared to other engineering college's this one offer's lot of service's completely free of cost. Nice infrastructure, AC class rooms are there ..... Exceptional placement services offered to students",Share
https://lh3.googleusercontent.com/a-/ALV-UjUQ2uMTTuixU3TwDnJ5J-EDfF2TaCEa5K8E_yE_SzmO_fnk=w45-h45-p-rp-mo-br100,Prasad Soman,4 reviews Â· 2 photos,4 years ago,"Awesome college with ample facilities,
Nice Infrastructure.
College has started Project Based Learning activity which trained students ready â€¦",Share
https://lh3.googleusercontent.com/a/ACg8ocJ9UNGsy8NSHhh2OgzcSj95smXWXcd3sCQDYKiE5fZ3=w45-h45-p-rp-mo-br100,RAHUL,4 reviews Â· 2 photos,4 years ago,"Location: Opposite to hypercity mall
Institute have good connectivity of buses from Western and central railway station. â€¦",
https://lh3.googleusercontent.com/a-/ALV-UjWWjivTpvjbeqRv31Y-ixdKwrLhfoXaG_VucFx-ybskkh8=w45-h45-p-rp-mo-br100,swapnil kondawar,6 reviews,4 years ago,"A P Shah Institute of Technology is located in Thane ghodbunder road well connected by MSRTC, BEST, TMT, LoCal, and upcoming kasarvadavali metro station in front of college, making it most suitable to travel.  It has a very good â€¦",Share
https://lh3.googleusercontent.com/a-/ALV-UjWvl9D2QpIDcl3aqJixwQpsttwYHHWcCXcVO6u9n2Sh8Q=w45-h45-p-rp-mo-br100,mahesh warang,1 review,4 years ago,"One of the best engineering college in Mumbai.
College has Nice infrastructure, AC Classrooms and Advanced Labs.
Many Courses conducted by college free of cost other than curriculum.
College having excellent  TPO cell as well.",Share
https://lh3.googleusercontent.com/a/ACg8ocJ-Ls6J19MDimJMKzQEUtTnuW_nCEI7UflhNHsXAQO3=w45-h45-p-rp-mo-br100,Sangram Savargave,2 reviews,4 years ago,A. P. Shah Institute of technology is best choice for students who are seeking admission to engineering study for professional carrier. What I observed is college module is complete in all respect for the overall development of students. â€¦,Share
https://lh3.googleusercontent.com/a/ACg8ocLUW15WFDfv42fGFAGKPPVJNGewSSfVpQOqvU6zFRuu=w45-h45-p-rp-mo-br100,Vishwanath Nilakantan,1 review,4 years ago,"APSIT, is a premier engineering College in Thane aiming to create competent ,professional engineers. This institute provides good quality career oriented learning courses which gives the students a wide exposure on all fronts â€¦",Share
https://lh3.googleusercontent.com/a-/ALV-UjUqL7QkIocIHjtZyVeCLw6x1HmGm2YO2ULhFOZFIrfqi-k=w45-h45-p-rp-mo-ba2-br100,Vishal Badgujar,Local Guide Â· 2 reviews Â· 5 photos,4 years ago,"Very good college in terms of facilities, faculties, infrastructure, and overall growth of the students. No other engg. colleges have such technical hub, and industry collaboration which helps students to enhance their skills which industry â€¦",Share
https://lh3.googleusercontent.com/a-/ALV-UjULFsBvRf7VNi1OvfslTNgxzAr5pKks7vwkUeYjHViWFgI=w45-h45-p-rp-mo-br100,pravin adivarekar,5 reviews,4 years ago,"Key Features
Supportive management
Ample facilities for students. â€¦",Share
https://lh3.googleusercontent.com/a-/ALV-UjXZkeu19NIUEy729WfQezk_HhZv_zb99AIQCflBHbNypHI=w45-h45-p-rp-mo-ba4-br100,Rohan Parekh,Local Guide Â· 55 reviews Â· 25 photos,4 years ago,It's the Best college in comparison to other colleges at present...There are several Facilities given by college for students which includes Program Based learning (PBL) which includes various Softwares which are in great demand for â€¦,Share
https://lh3.googleusercontent.com/a/ACg8ocLykrNQTycsOYPwyXrud552A33ZxVjVspMHdrD0f3lM=w45-h45-p-rp-mo-br100,Shyama Iyer,2 reviews,4 years ago,"APSIT, situatedin Thane West Ghodbunder Road, Kasarwadavali, is one of the leading engineering colleges in Thane and the vicinity of Mumbai.
I had the good fortune of visiting the college two years back. It cast a first â€¦",Share
https://lh3.googleusercontent.com/a/ACg8ocLZV8vgU8kzyFr1QMwaftEEJO2mmYzut-jJ4W0THZa3=w45-h45-p-rp-mo-br100,Manasi Ghadge,1 review,4 years ago,"This college is the best college. Students are provided with various facilities that are essential for a student. Skilled labs, certifications on the emerging technologies such as block chain, aws, machine learning, red hat, are given to â€¦",Share
https://lh3.googleusercontent.com/a/ACg8ocLvYTTtqSyo7_VNEaiWUUNRjTN8aWlxRXhiqK45Em4A=w45-h45-p-rp-mo-br100,Madhura Pawaskar,1 review,4 years ago,"This is best institute in Thane. Laboratories are advance in terms technologies and update regularly. Apart from regular academic study, institute organizes various programs. â€¦",Share
https://lh3.googleusercontent.com/a-/ALV-UjUIP6d6YAoyU_S9-GJMyLORXOv0mBspJLjKTTGjFhC7im0=w45-h45-p-rp-mo-br100,Uday Nikam,1 review,4 years ago,"Best institute in Mumbai University for Engineering education. Well qualified & experienced faculty, well equipped labs, good infrastructure & A. C. Class rooms with smart boards.",Share
https://lh3.googleusercontent.com/a/ACg8ocJ-oTl1BPU0BK-P_cFC6OPvih9H19UmuEsfU7PgMwMo=w45-h45-p-rp-mo-br100,ejaj khan,2 reviews,4 years ago,APSIT is one of the best emerging college with good infrastructure and facilities. Teaching and non-teaching staff are very supportive. College is taking great initiative for the development of students. All Classrooms and Labs are well equipped.,Share
https://lh3.googleusercontent.com/a-/ALV-UjX-uy4416N1qXhmoPv9X8KvglePbPBGuo7TbcyUxGnQpEI=w45-h45-p-rp-mo-br100,neha deshmukh,6 reviews Â· 13 photos,4 years ago,"Starting from the entrance. The entrance of the college is covered with greenary which gives very nice feeling of being close to nature. As soon as you step in the reception area includes manifest of saraswati devi idol, which again gives â€¦",Share
https://lh3.googleusercontent.com/a-/ALV-UjWQQRv_2eK7V6dlQR8_PZ7cUj09R_K0p0QOXcMh_xbEf1s=w45-h45-p-rp-mo-ba3-br100,Samanwita Bagg,Local Guide Â· 16 reviews,4 years ago,"One of the best colleges in Thane with great infrastructure and academics. All basic amenities are available in campus like free wifi, all AC classrooms, central computing facility, MOODLE based e-learning, project based learning, foreign â€¦",Share
https://lh3.googleusercontent.com/a/ACg8ocKda7r3Z5orIVZKQ1TMMjzJa7ku3fufMiIFLFoA5DMj=w45-h45-p-rp-mo-ba4-br100,Ambrish Mathur,Local Guide Â· 56 reviews Â· 259 photos,3 years ago,"It's a College where my son had JEE MAINs and JEE Advanced exams. It has the Capacity to do CBT Computer based exams and during Covid they tried Social distancing during exam, but during Entry it was not as students stood in Line very close and security did monitor or correct it. Toilet for parents was inaccessible too far too.",Share
https://lh3.googleusercontent.com/a/ACg8ocK9yUKScyvROmhuomjj_-ecmGrHoRVZ8HinWIfo53l7RJ8=w45-h45-p-rp-mo-ba3-br100,Harish Salvi,Local Guide Â· 45 reviews Â· 32 photos,2 years ago,No doubt about the college. Staff's are supportive. Principal is good. If you have any fees related issue you can direct talk to the principal. The main problem is it's 8-9km away from thane station.,Share
https://lh3.googleusercontent.com/a/ACg8ocLNxCJg6ln5rww6yKq2eyfCy2Ue3scZE4Boexq83Tvw=w45-h45-p-rp-mo-ba3-br100,Aneesh John,Local Guide Â· 26 reviews,4 years ago,"APSIT has lot of initiatives in the form of collaboration with industries to keep the students and faculties abreast of the current technological trends, placements. â€¦",Share
https://lh3.googleusercontent.com/a/ACg8ocKE-wdsSuaipsU_9UbfeZ7dKR0bmF16yaaBawH4qmva=w45-h45-p-rp-mo-br100,sukhada aloni,1 review Â· 3 photos,4 years ago,"Placements :

Many multinational companies like Infosys, TCS, Wipro, Hexaware, LTI and other â€¦",
https://lh3.googleusercontent.com/a/ACg8ocKzHy_Ey4lKYIe1ukYZhkLfhvyA2Pgk-hgq_O-w5erj=w45-h45-p-rp-mo-br100,Aditya Shastri,4 reviews Â· 9 photos,4 years ago,"One of the BEST College lf MUMBAI UNIVERSITY to study at and a Great Organization to work with. Perfectly connected to Central and Western region and exactly in front of upcoming Metro station. Amazing amenities and environment to live, learn and work. Setting benchmarks in terms of education and recruitements.",Share
https://lh3.googleusercontent.com/a-/ALV-UjXQzhRkyp06m2xWbMYFILHUu5UAbV2qY_XaFk6OvQYt6Wo=w45-h45-p-rp-mo-br100,Shriganesh Yadav,2 reviews,4 years ago,"Faculty, environment, teaching r good , good ambiance .It will give  immense pleasure for any one  to visit this college. There r more than 20 industrial tie ups which will definitely new level of techno connectivity .",Share
https://lh3.googleusercontent.com/a/ACg8ocKehcIIGamXq25NIUl5o5Hz9lnMKBJDCbSWhDLyI5vg=w45-h45-p-rp-mo-br100,Sampada Deshpande Ghate,1 review,4 years ago,"APSIT besides imparting theoretical knowledge, a lot of stress is laid on hands-on training and overall development of the individual's personality. The faculty members  are experienced and highly qualified which provides an excellent â€¦",Share
https://lh3.googleusercontent.com/a-/ALV-UjVyQzSvu6ns5MDpwhJVeSpqFJP_axMyNXUYl73Soue86uo=w45-h45-p-rp-mo-br100,sadanand shelgaonkar,1 review,4 years ago,"APSIT is one of the best institute ,affilated to Mumbai university.
Within short time after establishment became
Excellent center and technological hub.institute is hving Highly qualified and â€¦",Share
https://lh3.googleusercontent.com/a/ACg8ocLM1_2EztlLAcDBQl08dFwSUz1uaFWh8e_APsk7YIJ8=w45-h45-p-rp-mo-br100,RAMPARIYA YOGESH,1 review,4 years ago,"Perfect place to start your engineering career as students. Highly qualified faculties, well equipped labs, good infrastructure with air conditioned labs, good canteen facility, playing turf provision, more than 600 computer system. Collaboration with Ansys, Siemens, ProE, BMW, Autodesk and many more.",Share
https://lh3.googleusercontent.com/a-/ALV-UjUWVeMNO6dhkSOiNhKuzZCZ-xLM_s5U05_9Ux9fB4jkhWs=w45-h45-p-rp-mo-br100,Nikhil Desai,1 review,4 years ago,"The academics is really good. Apart from regular academics, the college also invests in various co-curricular training programs in order to train students for the real world. The college has recently purchased latest versions of various â€¦",Share
https://lh3.googleusercontent.com/a-/ALV-UjXrJEaRYXD5mqSOwUeT-RwgyH2zo-rMSzPcOiQyvDk4-p8=w45-h45-p-rp-mo-ba2-br100,Mahesh Pawaskar,Local Guide Â· 12 reviews Â· 1 photo,3 years ago,This college's staff is very cooperative. Laboratories are well equipped. Project Based Learning is one of the most innovative activity which upgrade knowledge of students.,Share
https://lh3.googleusercontent.com/a/ACg8ocKU_m5ipoZ72y3iOU7UCgeVqEG4Q2Q_8igtQWydQ2Hs=w45-h45-p-rp-mo-br100,aditya panamukkath,3 reviews Â· 1 photo,4 years ago,"It's a great environment to study , they provide free lecture during vacation for students and the faculty there are very great and helpful and provide full support to the students, they are tied up with various industrial. Student gets the benefits as per the company trend.",Share
https://lh3.googleusercontent.com/a/ACg8ocITcuLRFYJ6JFbq2U5-A5xm2AZQw2t1PPH6Ju6V271G3w=w45-h45-p-rp-mo-br100,Bhushan Mahajan,5 reviews,4 years ago,The best engineering college in Mumbai. very good infrastructure and faculty.foreign language are going to teach in college.Many skills are available in institute and this is very good college,Share
https://lh3.googleusercontent.com/a-/ALV-UjWVGFXQLlOFgm8g5yixIXbb7O8UNWQQHlFZzM-Odp__etg=w45-h45-p-rp-mo-br100,Kiran Deshpande,1 review,4 years ago,Really a Institute with Academic Culture which is missing in Engineering Institute currently. Great infrastructure & facilities for an Engineering student who is apsiring to stand out technically in today's competition. State of art labs â€¦,Share
https://lh3.googleusercontent.com/a-/ALV-UjUQcpofhQHpm0YR9GAKrP_C_QmndhAqjMWQWvWzDKS-Viut=w45-h45-p-rp-mo-ba4-br100,Omkar Panchal,Local Guide Â· 78 reviews Â· 93 photos,a year ago,"Best engineering college in thane, Kasarwadvali you will ever find. The college campus is not so big but the teaching is absolutely no comparable.",Share
https://lh3.googleusercontent.com/a/ACg8ocJbUa9yENNlYM4V0cAhZFfCQoex2RZcWErC07DMKYka=w45-h45-p-rp-mo-ba5-br100,Nayan Kadam,Local Guide Â· 79 reviews Â· 549 photos,4 years ago,A P Shah institute of technology has given us a whole life experience . College has all d facilities very well designed labs n a highly learnt teaching faculty which keeps on motivating d students for there betterment .,Share
https://lh3.googleusercontent.com/a/ACg8ocJsx0k7lcW_AAT8P1pHypgyez_dA9Fy4uWdRZmrSNIG=w45-h45-p-rp-mo-br100,vrushali patil,4 reviews,4 years ago,"This is the best engineering college.  One of the best infrastructure of college in mumbai.  Best manegment ,faculty and staff members. Lots of opportunity ,software learning,laboratories, facilities are available.everythings are best.",Share
https://lh3.googleusercontent.com/a/ACg8ocK5ySJdkMsfZi_UKxRluYgiX19v9F7rJLG1s_Y75NQU=w45-h45-p-rp-mo-br100,Sheela Saraf,1 review,3 years ago,One of the best engineering colleges in Mumbai with brilliant teaching staff. Professors are well qualified and provide e learning platforms as well.,Share
https://lh3.googleusercontent.com/a-/ALV-UjVuvWm3dx1IaPSlIOuL1dhiqkR5vrlVC6frFWhO-hd4X8cW=w45-h45-p-rp-mo-ba3-br100,Kaushal Deshmukh,Local Guide Â· 29 reviews Â· 33 photos,5 months ago,Very good college. Please take admission here.,Share
https://lh3.googleusercontent.com/a/ACg8ocKjZytkNnu7zJp78nC6ThOv10yiAkItAjvnutEwiBUL=w45-h45-p-rp-mo-br100,nivedita sante,2 reviews,4 years ago,The best upcoming engineering colg in Mumbai. This Institute provides all the amenities which will help their students to shape for a better future. Faculties are ready to help as and when required. Students are motivated to excel in their â€¦,Share
https://lh3.googleusercontent.com/a/ACg8ocKKvNz3mgXHuSd86L9C_GUreB0Swm3QMZ_dTWgCDNA=w45-h45-p-rp-mo-br100,Swati R,2 reviews,4 years ago,"As soon you enter APSIT you get positive vibes. Rightly awarded recently as best upcoming engineering college. Well equipped labs, air conditioned classrooms, qualified faculty. And Mechanical department is the best..",Share
https://lh3.googleusercontent.com/a-/ALV-UjVTxhLXLhtxfsEkfi_0MnuDonLGGM8SMOMPz22LoeIwbHmF=w45-h45-p-rp-mo-br100,Omni Behra,2 reviews,4 years ago,"College's staff is very cooperative ,Laboratory are well equipped. Project Based Learning facilities, library , Cultural festival ,affordable canteen food n healthy too",Share
https://lh3.googleusercontent.com/a/ACg8ocKPFVvcnmdbeeMkTN1blZxwmmxnM0zPxB1dCXDyOiSY=w45-h45-p-rp-mo-br100,Adesh Hardas,1 review,4 years ago,I work here. This is an amazing place to work. We have best facilities for students. â€¦,Share
https://lh3.googleusercontent.com/a/ACg8ocLnaOOn71CNcLfD8j7VWnvCfNO60qOPlEqIXXtqiS_E=w45-h45-p-rp-mo-ba5-br100,K,Local Guide Â· 132 reviews Â· 382 photos,5 years ago,"Early know as Parshvnath college then mmj shah which had 2 branches diploma and degree that got shutdown, they used to take donations for admission, the infrastructure is only to attract students. â€¦",Share
https://lh3.googleusercontent.com/a/ACg8ocJeGCdcqSak29QhSAoDvHeWineKdERNtjYyL-P8agXp=w45-h45-p-rp-mo-br100,snehlata yadav,3 reviews,4 years ago,"We all know first impression is the last impression.
I got connected to APSIT on the very 1st day of my visit to APSIT. The college infrastructure was really awsome and could clearly see the amount of hardwork and â€¦",Share
https://lh3.googleusercontent.com/a/ACg8ocK3G6CujEVUTS3ONAvFUOGWHaBYI3HliLBQSYTxb5U0=w45-h45-p-rp-mo-ba4-br100,Jitendra Vawadra,Local Guide Â· 69 reviews Â· 28 photos,6 years ago,"P.S.- I'm not a student of the college, attended bitwise pool drive here. Canteen is waste, labs and classes aren't properly organized. Parking not present. Only good thing is fully centralized AC and PCs.",Share
https://lh3.googleusercontent.com/a-/ALV-UjVcNef-YDlWM3-JkDAgn6FZTIjcTmAI8RVVrE-UHJ8em7w=w45-h45-p-rp-mo-br100,Sachin Takmare,1 review,4 years ago,"Excellent infrastructure, Air conditioning class rooms and laboratories. Great initiative's like Project Based Learning, attendance rewards, incubation centre.
Overall, I would like to give 5 star rating to APSIT.",Share
https://lh3.googleusercontent.com/a/ACg8ocIiA4W_xxP7xZdV1Ew0fjD3wDgPQJhZjI6ve1Jsagit=w45-h45-p-rp-mo-br100,Rahul K. Ambekar,6 reviews Â· 1 photo,4 years ago,A.P.Shah Institute of Technology is indeed role model for all engineering colleges especially considering the growth of an institute & best global practices at A.P.Shah institute of Technology. â€¦,Share
https://lh3.googleusercontent.com/a-/ALV-UjVVTJlJzJc9YI8I_gQzHYSrMTR3-krh5e3F1uWEPxlMt_CA=w45-h45-p-rp-mo-br100,Yogesh Saraf,3 reviews,4 years ago,Descent college with good infrastructure and faculties. The classrooms are well equipped with smart boards. â€¦,Share
https://lh3.googleusercontent.com/a-/ALV-UjW9rcwSezGAlJMl_WRYjTuT8ms9scX3L7rOlB716L188K0=w45-h45-p-rp-mo-br100,Brinal Colaco,5 reviews,4 years ago,"Do you aspire to become an Engineer? If your answer is yes, then A.P. Shah Institute of Technology (APSIT) is the place for you. This is one of very few colleges in Mumbai that produces Trained Engineers. â€¦",Share
https://lh3.googleusercontent.com/a-/ALV-UjW42NBJJNKUIEdFTBZZDMmkXDuv8K0dKFClWkxHll6gz3m1=w45-h45-p-rp-mo-br100,Siddharth Dhanawde,5 reviews,4 years ago,"My experience with APSIT has been fabulous! All professor and teachers are very helpful and kind. APSIT provides various facilities like AC Digital classrooms, book bank, E-library, moodle app for all reference material for all subjects in â€¦",Share
https://lh3.googleusercontent.com/a/ACg8ocK_8cnXMJDDjgBe_CQdi-5cAhE7oxKVfJtRlLPJmnPV=w45-h45-p-rp-mo-br100,Tanuja Vinchurkar,2 reviews,4 years ago,APSIT is one of the best college in Thane.It offers many courses to students for building their carrer and that too free of cost. Students have come out in flying colours in many areas because AP Shah institute has provided various platform for students to achieve their goal. In every aspect APSIT is growing at a  very fast pace.,Share
https://lh3.googleusercontent.com/a-/ALV-UjULUmwTRf_kiN16mFtOc-kbSuGgbcrrWs0IIEBOd--BG1k=w45-h45-p-rp-mo-br100,1216_Soham Kambli,2 reviews Â· 6 photos,6 months ago,"There is a beach near this college, Thane beach",
https://lh3.googleusercontent.com/a-/ALV-UjWxbOLzYGbW2D79tYhXrbqtoVSO5gtxH2feHN0Riw3QSVQ=w45-h45-p-rp-mo-ba3-br100,Meenakshi M,Local Guide Â· 25 reviews Â· 4 photos,4 years ago,5 star college..its near by highway so clearly anyone can find.. Awsome maintance of all..helpful staff..,
https://lh3.googleusercontent.com/a-/ALV-UjWEo7WNZiOlrSTotKpFpFcecE0ykXW-rFB8mP4UIO5ytarC=w45-h45-p-rp-mo-ba3-br100,Vishal Misal,Local Guide Â· 11 reviews Â· 4 photos,4 years ago,One of the best college in Mumbai and Navi Mumbai region. Having best ammineties good facilities knowledgeable faculty good infrastructure and lots of industry tie ups.,Share
https://lh3.googleusercontent.com/a/ACg8ocJu1d6T9OyTjo5Z-cHgKTS6DOlq3HV8ngi90p5Qtn4n=w45-h45-p-rp-mo-ba5-br100,09_Arun Bihani,Local Guide Â· 48 reviews Â· 383 photos,4 years ago,"A.P.Shah Institute Of Technology is an engineering college. It is an AICTE approved college. It runs under the head of Mumbai University. It delivers technical education under 5 Streams via. Computer Science, Information and Technology, â€¦",Share
https://lh3.googleusercontent.com/a-/ALV-UjUYAeZDnwXMtKFOcxyH2Z_dnSWanvolzzN2mJn6w_SMLt8=w45-h45-p-rp-mo-ba3-br100,Heena Nagda,Local Guide Â· 42 reviews Â· 65 photos,2 years ago,"There are institutions competitive exams are going on, having computer lab with such good staff supports to guide and computer proper functioning...get down at thane station and auto charge 50rs and bus is 30rs but I never went through bus so please search for the bus before visiting ðŸ¤— â€¦",Share
https://lh3.googleusercontent.com/a-/ALV-UjUis4XqIgH0qsNMnO89LM1gA_zS7yCeg0lqd4xd0COuyR4=w45-h45-p-rp-mo-br100,Gauri Deshpande,5 reviews Â· 1 photo,4 years ago,"Best upcoming college in the heart of thane city. Best faculty,classrooms and labs. Very convenient location. Proud to be an alumina of the college.",Share
https://lh3.googleusercontent.com/a/ACg8ocLiyoQONBCtbrUXyBOPe9zP79a8qwkWPvoHNPEfFOdm=w45-h45-p-rp-mo-br100,Shannon D'souza,2 reviews,7 years ago,All over an excellent college.All facilities which student need.Good staff Teaching as well as managing.good infrastructure small campus but decent. Extra Curricular activities and sports is needed.placement is needed.Nearby station.,Share
https://lh3.googleusercontent.com/a/ACg8ocLcwcCIgweO8SxAp0UWCQfK7ENnJflXAb6lHCmEXJUo=w45-h45-p-rp-mo-br100,sonia aneesh,1 review,4 years ago,"APSIT is known for its facilities for the students and teachers.
Great efforts by the management towards the development of students  in the form of industry collaborations,  placements,  excellent academics,  extra curricular activities. APSIT is known for the  excellent work culture provided for its faculties.",Share
https://lh3.googleusercontent.com/a-/ALV-UjXszPBfyVXPdJypar9cdnj9EBpemqlgIfPI9l0tJuxBRIk=w45-h45-p-rp-mo-ba3-br100,Om Bheda,Local Guide Â· 33 reviews Â· 37 photos,a year ago,A highly competent emerging engineering college. With a lot of opportunities for students all round growth.,Share
https://lh3.googleusercontent.com/a-/ALV-UjXFthaNgJvnc4-Ou_XUallG37PnE_VtscBskb_zWohSBQ=w45-h45-p-rp-mo-br100,Geetanjali Kalme,1 review,4 years ago,Apsit is the best education center in Thane with the best learning exposure.College infrastructure is very good.The college provides workshops and other industrial exposure to enhance teaching programs.Faculties are very friendly and always ready to help.,Share
https://lh3.googleusercontent.com/a-/ALV-UjXDJC6_s0-Cr5rB13fUQf7kVzxmDxGMmgqy4e284wRMIHHB=w45-h45-p-rp-mo-ba2-br100,Rutwik Gaikwad,Local Guide Â· 8 reviews,4 years ago,"Best College Ever.
Best Management and Awesome Teachers.
IT department is the best and most preferred department. â€¦",Share
https://lh3.googleusercontent.com/a-/ALV-UjXW7JciRvL-4-MxdMgD7i25k9eDBj_nUbSmXjgWIPsJ0Q=w45-h45-p-rp-mo-ba3-br100,Krishna Gupta,Local Guide Â· 20 reviews Â· 107 photos,3 years ago,"I have visited this to give exam of railway, everything was well managed and hygienic.",Like
https://lh3.googleusercontent.com/a/ACg8ocLH7IamidR-WEZmA495ashbSizK1d1hTS5FiR3eEIpngA=w45-h45-p-rp-mo-ba4-br100,Renuka Pawar,Local Guide Â· 30 reviews Â· 75 photos,4 years ago,A very good center for online exams.. Nice campus with proficient staff,
https://lh3.googleusercontent.com/a/ACg8ocKHNwUiKeaVoJjsSxMOCsLvN-Hz-6nJDasxHB11sUlQ=w45-h45-p-rp-mo-br100,NiKhiL Sawant,3 reviews Â· 17 photos,2 years ago,Very bad placement cell for civi engineering this college has no tie ups only good for it and software engg if you want to go for good college don't take admission in this college always asking for fees this college only wants money and not â€¦,Share
https://lh3.googleusercontent.com/a-/ALV-UjVhSpXhpo8Tot5h1CrM71bVoBnQ__8Ul7cohMIDqIpzcA=w45-h45-p-rp-mo-br100,TE_A_42_Karan_ Khadye,3 reviews,a year ago,The infrastructure is really nice but it lacks in campus area the fest done by the student council is very up to the mark,Share
https://lh3.googleusercontent.com/a-/ALV-UjWM1YWI7FfB4V4ucRzGAb1km7Vm1B5qDkNH-BhTniI2UEqv=w45-h45-p-rp-mo-ba3-br100,Vaibhav Yavalkar,Local Guide Â· 8 reviews Â· 55 photos,4 years ago,"Surely one of the best Institute for Engineering in Mumbai Thane region..

Awesome Teaching - Learning Environment.. â€¦",Share
https://lh3.googleusercontent.com/a-/ALV-UjXwcG9DppvxEtRg5G2HglKSB4FmpRcVIvOMt4x3dKdrcs-j=w45-h45-p-rp-mo-ba3-br100,Shefali Shirodkar,Local Guide Â· 33 reviews Â· 139 photos,6 years ago,"Good college in terms of infrastructure and cleanliness.Earlier known as 'Parshwanath College of Engg', A.P. Shah Institute of Technology is back with new and good management staff",Share
https://lh3.googleusercontent.com/a/ACg8ocJJp5NIWlKwbmGeJ0wqzkp8SzxwfXQF8tv9nSgfPvvcjA=w45-h45-p-rp-mo-br100,Ramya R B,3 reviews Â· 1 photo,4 years ago,"One of the best engineering colleges under Mumbai University.APSIT has excellent infrastructure,experienced faculty and very supportive management.A very happening campus in terms of both technical,non technical activities and industry â€¦",Share
https://lh3.googleusercontent.com/a-/ALV-UjU3008mwP5fF5NL_GdAL506v-UbzT2OWp14StXYcS1AsTig=w45-h45-p-rp-mo-ba3-br100,Mugdha A,Local Guide Â· 26 reviews Â· 10 photos,4 years ago,Excellent infrastructure and expert faculties in every domain offer students the opportunity to be industry ready. Hands-on training and recent software courses are being offered to students,Share
https://lh3.googleusercontent.com/a-/ALV-UjVfrhQD5OjsxClJFQkUvCu-e1vi6sSrcBiEKremUHq62_g=w45-h45-p-rp-mo-ba3-br100,shubham kannaujiya,Local Guide Â· 39 reviews Â· 2 photos,4 years ago,MY EXAM WAS HELD HERE THE STAFF IS GOOD LABS ARE WELL BUILT LIMITED NUMBER OF CANDIDATES ARE ALLOTED IN EACH LAB THE BEST THING IS HERE STAFF IS  HELPFUL MORE THAN OTHER INSTITUTES  MY THERE WILL BE NO PROBLEM WITH CABS HERE YOU CAN GET ONE EASILY     THERE ARE TWO WNTRY GATES SO THAT U CAN GO IN AND COME OUT EASILY WITHOUT ANY RUSH,Share
https://lh3.googleusercontent.com/a/ACg8ocIVVdEqu7Z6v83mBgMr22WOjhN5CuaRTNvnLfNvSVa_=w45-h45-p-rp-mo-br100,Shyamsundar Khandare,3 reviews Â· 4 photos,4 years ago,"It is one of the best colleges in Mumbai.Located in prime location of Thane (Ghodbander Road).The infrastructure of college is great with well qualified and experienced faculty,well equipped lab along with AC ,smart boards and projector in â€¦",Share
https://lh3.googleusercontent.com/a/ACg8ocK7Y29fL_TrTank_n68xnouJj7RH11AnKd7vQ_Jg6Rv=w45-h45-p-rp-mo-br100,Sushama Takmare,1 review,4 years ago,"Very nice college. Great environment to study. Excellent academics. Great initiatives from the college.
You will get Positive waves when you enter in to the college.",Share
https://lh3.googleusercontent.com/a-/ALV-UjViKPg2IWc7xkLK4jPNK7PfFjduWh6WYSB-E4qmjWt6o2X_=w45-h45-p-rp-mo-br100,Shubham Dhuri,3 reviews,4 years ago,"Attendance is very strict .
Need to think from the point of view of students.
All other things are good . â€¦",Share
https://lh3.googleusercontent.com/a/ACg8ocJ3PiEBMeJp16RIwb37FYs6_FjnJUUdkVtMi1Hzds9qfXw=w45-h45-p-rp-mo-ba4-br100,Manav Kawale,Local Guide Â· 46 reviews Â· 26 photos,3 years ago,"The college was lit ðŸ”¥
I personally visited this college for JEE examination
THE MANAGING staff was friendly â€¦",Share
https://lh3.googleusercontent.com/a/ACg8ocKMGgb-ZJtYt7ggiY03Vj2P1ynH5BjmWCr584Vvp-Hb=w45-h45-p-rp-mo-br100,Sukanya K,1 review,2 years ago,"This is my neet exam center
I hope they will give question booklet on 1:45 pm as prescribed as NTA for writing roll number on OMR sheet and filling other details on OMR previously it was my jee main center but they didn't followed rules given by NTA I hope they dont mess this time",Share
https://lh3.googleusercontent.com/a-/ALV-UjV0TQfM_lMboWjbhLTCJQRWPlQ3uWdcJwyUkjwwB4FL04MD=w45-h45-p-rp-mo-ba4-br100,Varad Deshmukh,Local Guide Â· 54 reviews Â· 46 photos,3 years ago,"I visited here to give my engineering entrance exams , was quite a well infrastructured college with nicer classrooms and computer labs overall nice",Share
https://lh3.googleusercontent.com/a-/ALV-UjVfvVHwdMtqzQG62jXxRDawyRl0gtrK5mr0hwlWv7OmeAEP=w45-h45-p-rp-mo-br100,Nitesh Chindarkar,6 reviews Â· 5 photos,4 years ago,"APSIT at a glance....
1. The Techno and Knowledge Hub of Thane City
2. Superb ambience and Infrastructure â€¦",Share
https://lh3.googleusercontent.com/a/ACg8ocLmBwzoXykyMml2BA9v5ZJvLJfVUnoga6ueLul1uwm3=w45-h45-p-rp-mo-br100,Sagar Patil,2 reviews,4 years ago,"Apsit is the best college i ever seen .college has great initiative providing program based learning ,free coaching of GRE/GATE/CAT,MOODLE service student getting their online study material ,highly qualified staff ,apsit has collaborate â€¦",Share
https://lh3.googleusercontent.com/a/ACg8ocJ2Zb38wqXYS3fSt9TrgNI8ps7C28pc9ZEVAVtJikA7LnU=w45-h45-p-rp-mo-ba3-br100,Gaurav Babar,Local Guide Â· 49 reviews Â· 43 photos,7 years ago,Very nice college with almost all facilities which students need. Great faculty and staff. All up-to-date things with affordable fees.,Share
https://lh3.googleusercontent.com/a/ACg8ocIsAN1GuXJG3le8LfChwQVrK02aAY8BBQceP_Y4rqeA=w45-h45-p-rp-mo-ba8-br100,Gopal Patnaik,"Local Guide Â· 877 reviews Â· 3,917 photos",4 years ago,"There is no proper management for recruitment drive.Don't know how to maintain the time schedule.No one to inform for the delay.
This experience is of 28.11.2019.Even L & T people also came very late.",Share
https://lh3.googleusercontent.com/a-/ALV-UjVVQOJrF-gbrwqzpmV1MtcPidimzaV447FtB71ct6AGHSk=w45-h45-p-rp-mo-ba3-br100,Anamta sayyed,Local Guide Â· 11 reviews,6 years ago,"Impossible for you to reach without google ma.
Not even a single auto rickshawala or bus conductor knows where the college is.
Really difficult to travel if you are staying in Mumbai.",Share
https://lh3.googleusercontent.com/a-/ALV-UjWxhoxtz3ljFR0uMjhmPAFA56bJ94-oxGqKfdSQP8Cm88UA=w45-h45-p-rp-mo-br100,krupavant salvi,19 reviews Â· 49 photos,a year ago,One of the best engineering college.. for students in Thane and nearby suberban..,Share
https://lh3.googleusercontent.com/a-/ALV-UjUTXFlGUHHxomx8AyqHztjzgnl8EF-JKgWxPbXXfgO34B0=w45-h45-p-rp-mo-br100,Nilesh Lohote,3 reviews,4 years ago,"Really nice college... Excellent Infrastructure, qualified staff,  best facilities for students,  located at prime location,  highly recommended for quality educationðŸ‘ â€¦",Share
https://lh3.googleusercontent.com/a-/ALV-UjWwtQi_OdKv011FXUWY9GQ_mrSd_sH3qn_Ekc5-8g4eE58=w45-h45-p-rp-mo-br100,Hemant Singh,6 reviews Â· 1 photo,a year ago,College dint conduct convocation ceremony for the batch 2019-20 however same benefit was given to 2020-21 batch..why such partiality?,Share
https://lh3.googleusercontent.com/a-/ALV-UjURmH3ZCQtaP9Q69hDUdM48XtzZ3olKbsygVOoFigXPDzjX=w45-h45-p-rp-mo-ba5-br100,SIVA NAGA,Local Guide Â· 227 reviews Â· 939 photos,6 years ago,Located on express Highway Thane west...just opposite road to R mall... Constructed in small space,
https://lh3.googleusercontent.com/a-/ALV-UjW-KzfRdBWHEsJTIE2UcF1SahI9q4Y9dqiRvgSygddDXA=w45-h45-p-rp-mo-ba3-br100,Aditi Muthkhod,Local Guide Â· 13 reviews Â· 3 photos,2 years ago,"As an exam centre, it's one of the best places. They'd taken all the security measures that they were supposed to and conducted the exams very smoothly.",Share
https://lh3.googleusercontent.com/a-/ALV-UjXKnF0H3r948pXTlz3mldp2xbR_IysJmB0_Fc3UHvuyhujk=w45-h45-p-rp-mo-ba5-br100,Satish Gosavi,Local Guide Â· 162 reviews Â· 613 photos,4 years ago,"At present on 3 N9v 2019 there is construction work going on road 8n front of building.
This college was known as  parswnath college of engineering previously",Share
https://lh3.googleusercontent.com/a-/ALV-UjW0WtqMbUEGKBclPpCvMzRQ5VKeeWKApLPg2Arx5frTEN0=w45-h45-p-rp-mo-br100,Aditya Shukla,2 reviews Â· 1 photo,3 years ago,I visited these institute  during my cet  entrance examination such a excellent campus and well disciplined staff and amazing computer labs and infrastructure is superb,Share
https://lh3.googleusercontent.com/a-/ALV-UjUwqnPzWMZfoMAgm1eSCvCUmH9gNHn5YpLH9YC8DpbojtGK=w45-h45-p-rp-mo-ba4-br100,Shraddha Mane,Local Guide Â· 86 reviews Â· 491 photos,6 years ago,I have go here for pool campus drive... Our reporting time was 8:30 bt still not started a process even on 1pm...management is not good at that time.. All students from outside  clg are not satisfied..,Share
https://lh3.googleusercontent.com/a-/ALV-UjVZXw2QOyjlQBZbd1L7MJA1u4yqtCkhqXJxmRw4GYb9gp0=w45-h45-p-rp-mo-ba2-br100,Ankit Adesh Pawar,Local Guide Â· 21 reviews,5 years ago,"Faculty ,management staff is great . Infrastructure is great . Inshort one of the best college in Thane site.",Share
https://lh3.googleusercontent.com/a-/ALV-UjXqRRK3zrAj2qzsGLx-roRwfoRjL63iRFBIUxhSTpQEc2dI=w45-h45-p-rp-mo-ba7-br100,Sanket Kolhe,"Local Guide Â· 257 reviews Â· 9,496 photos",6 years ago,"Best Engineering college in Thane! good Nice facilities are provided, nice staff, good infrastructure.",Share
https://lh3.googleusercontent.com/a-/ALV-UjXJRsZRS-UjT1MtR8qmzr2gfSlG0MprTOmwT9aOXGl34h4=w45-h45-p-rp-mo-br100,Roshan Mhatre,6 reviews,4 years ago,I have visited as a JEE centre for my jan examination. A huge infrastructure well maintained with technology involved at many places.,Share
https://lh3.googleusercontent.com/a-/ALV-UjVrqFlZkEpXnxxze2R6-0PlYVfbgLgV-6CNrpXqsOl578s=w45-h45-p-rp-mo-ba4-br100,Prachi Pathak,Local Guide Â· 19 reviews Â· 355 photos,2 years ago,"One the great institute for conducting competitive exams
Staffs are very understandable and gentle
Neat and clean rooms and washroom",Share
https://lh3.googleusercontent.com/a/ACg8ocIMntD9Im3-DxHyJzM809-QW4Tou3cc0gk_jvyvOqY9=w45-h45-p-rp-mo-br100,Swapnil Chavan,1 review,4 years ago,"One of best engineering colleges I have ever seen.
All staff members are helpful & supportive.",Share
https://lh3.googleusercontent.com/a/ACg8ocLzKeyIeErkD32NjbToZTWal61-LJTCJdIoM_EdqZRT=w45-h45-p-rp-mo-br100,dilip mahajan,3 reviews,4 years ago,"Very nice college, faculties are very helpful and good hospitality provided from college.very good future in this college. students gain very good knowledge about subjects",Share
https://lh3.googleusercontent.com/a-/ALV-UjVBM5YvZRpwX0MG6MrFh3R0SqsWENEMxYv1fn4x5JhK0Q=w45-h45-p-rp-mo-br100,SANDESH FARKADE,2 reviews,4 years ago,"Best Engineering college with excellent staff.
Recommend for every student for their bright future.
Keep it up ðŸ‘ â€¦",Share
https://lh3.googleusercontent.com/a-/ALV-UjV4wJtk7x6AqGuAkAIlQZRpzh3woavuvbBx7iim-e0fo4g=w45-h45-p-rp-mo-ba4-br100,Nivedita Mhatre,Local Guide Â· 27 reviews Â· 15 photos,a year ago,Nice college.. there is a cafe of college which was very clean n nice food,Share
https://lh3.googleusercontent.com/a-/ALV-UjVPG5LI7--odrTXry7eMJEhuPcV_6hfwOWoMlmH2Ujn7PeY=w45-h45-p-rp-mo-br100,Namrata Bramhadande,1 review,4 years ago,It was a blessing of being student of A P Shah institute of technology. One of d best colleges to be in d coming years,Share
https://lh3.googleusercontent.com/a/ACg8ocKSIjZ0VzWkFI3e_vKVUZEH_q_hHjqpAcioiJftMcNC=w45-h45-p-rp-mo-br100,Bhalchandra Nagtode,1 review,4 years ago,A. P. Shah Institute of technology is upcoming institute with Advanced learning features and student friendly environment.,Share
https://lh3.googleusercontent.com/a-/ALV-UjV1mWbmPQRzw1UIN8eAgw7v8gnO1YCTuZCoWMNNL1CjKg=w45-h45-p-rp-mo-ba4-br100,Siddhesh Shinde,Local Guide Â· 79 reviews Â· 2 photos,a month ago,Four Years Of Vivid Experiences,Share
https://lh3.googleusercontent.com/a/ACg8ocKZHAd1DjlLRaWI4jm_7QQBmtH6E2KlfB4igmXeM65UNQ=w45-h45-p-rp-mo-ba4-br100,TUSHAR PUJARE,Local Guide Â· 51 reviews Â· 79 photos,2 years ago,Take public transport to reach Thane railway station.,Like
https://lh3.googleusercontent.com/a-/ALV-UjW-sHdT44SWrm-5xckVSQcpMO66BRclyCE-FmGuvSFdWq8=w45-h45-p-rp-mo-ba4-br100,Sumit Lad,Local Guide Â· 59 reviews Â· 57 photos,6 years ago,I was there for Exam... Its easier to reach here from Thane Station by just taking 60/61 no. Bus and Take ticket of Sai Nath Nagar Stop ðŸ‘ â€¦,Share
https://lh3.googleusercontent.com/a-/ALV-UjVWvG-NSqD3NmgQG5tdWB95UGmlENjwsC-N911uBR_DWT0=w45-h45-p-rp-mo-ba4-br100,Sabir A Ali,Local Guide Â· 30 reviews Â· 12 photos,7 years ago,"Awesome facilities, awesome staff, student friendly environment for learning and The best institution in Thane for Engineering..",Share
https://lh3.googleusercontent.com/a-/ALV-UjXWhYZJ7gfXTgeWcji_7mUFJrBQes5xnBy881k7duJB1Q=w45-h45-p-rp-mo-br100,Rupali khandagale,3 reviews Â· 1 photo,3 years ago,I just loved that place A.P. Shah inst. Of tech. Thane,Share
https://lh3.googleusercontent.com/a-/ALV-UjUm2gw--8XTXeLB5hJvSV6VRpZfs7EubXDyMYiOvDjKFA=w45-h45-p-rp-mo-ba3-br100,Samanwita Bagg,Local Guide Â· 28 reviews,a year ago,College with great teaching and learning aids. Functional amenities and great infrastructure.,Share
https://lh3.googleusercontent.com/a/ACg8ocKugLNQB0046npf1B4VRq1xhO_rOzhmEEVVr1E0Rhn7=w45-h45-p-rp-mo-br100,Jasvinder Singh,3 reviews,a year ago,"As it was mine centre for examination,it is nice..well mannered and the overall experience is good.",Share
https://lh3.googleusercontent.com/a-/ALV-UjXqUzo0abWlxcb3BknxbaTtSxJ4N1zGHN5cQr6v_blRBo8=w45-h45-p-rp-mo-ba5-br100,Abhijit Somnathe,Local Guide Â· 460 reviews Â· 259 photos,a year ago,One of the good engineering college in Mumbai region.,Share
https://lh3.googleusercontent.com/a-/ALV-UjWZzCULXr0bxQEQP_0dItyL1W_eAuB_7Qn2ApAADiU_3mAy=w45-h45-p-rp-mo-br100,Gauri Pande,3 reviews,4 years ago,"Nice college, Good infrastructure.. and very supportive people to guide.",Share
https://lh3.googleusercontent.com/a-/ALV-UjVUqEg4CKOoVWyfgaEo7ODtao2wtikA15L99kZ4nGrkpUcz=w45-h45-p-rp-mo-br100,Maharashtrian traveller,"739 reviews Â· 1,013 photos",7 years ago,Lovely College.I'm there for my MBA entrance#superb facilities n good staff,Share
https://lh3.googleusercontent.com/a/ACg8ocJFwhIMg2Anza0SwaWsQPP85TQ-elRHIojLeq5Cwxye=w45-h45-p-rp-mo-br100,Shashank Aloni,2 reviews,4 years ago,very good college with all round facilities for the development of students.,Share
https://lh3.googleusercontent.com/a/ACg8ocJu5w4Kt6F2l4BMVbSQJDeJkERcNfktxDakSI4c9rKJ=w45-h45-p-rp-mo-br100,Anjali Dave,12 reviews,3 years ago,Good infrastructure. The staff is also polite n helpful. Right from security to the top level.,Share
https://lh3.googleusercontent.com/a/ACg8ocKo9iN4RH8ZVTD1HF6vRoX67vW4iOZcPcrwi0GTc18=w45-h45-p-rp-mo-br100,Varshitha Bellur,3 reviews,a year ago,2019-20 batch have not yet received their convocation wheras 2020-21 batch have received??,Share
https://lh3.googleusercontent.com/a/ACg8ocJmwyaevXRnYIjfxua_-Z_F9TuzSGE5gb5WgxGGy1ao=w45-h45-p-rp-mo-br100,Ramdas Naik,8 reviews,2 years ago,Institute   premises  excellent .staff  of this institute  is very very cooperative.I am giving  ******* 7 star rating .,Share
https://lh3.googleusercontent.com/a-/ALV-UjWiovSbWnxfBXI0OV0HAEGDG6ohKqGtndP-WYQX4HMBPis=w45-h45-p-rp-mo-br100,Jaya Singh,3 reviews,3 years ago,The best place for Engineering education with latest softwares and machineries and the best place to work too.,Share
https://lh3.googleusercontent.com/a-/ALV-UjX4L7rZIc_e9p242vm8M75hdxZ48cMkq3Wp9tWLpaE1bGGl=w45-h45-p-rp-mo-br100,ASHISH Bind,9 reviews Â· 1 photo,2 years ago,"GOOD COLLEGE above any other average college
Pursuing Cs from here",Share
https://lh3.googleusercontent.com/a-/ALV-UjUjxTPy6zD5bjnjGTWgO9FRBYA_eeGEZ9YYDGmqfewbQQ=w45-h45-p-rp-mo-br100,durga dole,5 reviews,3 years ago,"Systematically conduct exam .very well scedule ,clean and staff behaviour is nice",Share
https://lh3.googleusercontent.com/a-/ALV-UjWblalOOfYV6Qq5BXeDtK7bmjz88U73jCiTRwTeTDJ_TD23=w45-h45-p-rp-mo-ba5-br100,AYUSH KHADE,Local Guide Â· 222 reviews Â· 723 photos,4 years ago,"Hey there I completed my diploma in engineering this year, can i get admission to 2nd year on mechanical engineering department in your college..?",Share
https://lh3.googleusercontent.com/a-/ALV-UjWFqgomtyoNGVraItwyCg4YRj_K3ZD25N5iXTgFRt-rNQg=w45-h45-p-rp-mo-ba4-br100,Khan Haris Azmi,Local Guide Â· 40 reviews Â· 415 photos,4 years ago,On of the best colleges in Thane with best infrastructure Loved to visit these college,
https://lh3.googleusercontent.com/a-/ALV-UjXuKrv2RTRBi5hTMH2i9NRyAlmYqaGfnIbLHri7AF83Tr3J=w45-h45-p-rp-mo-ba3-br100,Pavan Koli,Local Guide Â· 45 reviews Â· 64 photos,4 years ago,Best college in Thane & Mumbai in terms of facilities!,Share
https://lh3.googleusercontent.com/a-/ALV-UjVQOr2lJGHru0ciufMCeWAxS_vVxhsV-M22wffQKJzTq60=w45-h45-p-rp-mo-ba4-br100,Divesh Chauhan,Local Guide Â· 99 reviews Â· 166 photos,3 years ago,"It was very decent place
Good atmosphere for study
The staff were very helpful",Share
https://lh3.googleusercontent.com/a-/ALV-UjVJBGSRXVzaCJkRAP8rtY2gBp2vJ6qVFFjqDiZrlIuuifzT=w45-h45-p-rp-mo-ba5-br100,Malcolm Rodrigues,Local Guide Â· 324 reviews Â· 177 photos,2 years ago,Seems like a very good institute. Access and parking is a problem.,Share
https://lh3.googleusercontent.com/a/ACg8ocJi2e2EU9KLLqXPjLv9gRv7hialvCoYdVgs8Mx64khx=w45-h45-p-rp-mo-br100,ramesh thorat,1 review,a year ago,Sai shradha fabrication and alluminium work,Share
https://lh3.googleusercontent.com/a-/ALV-UjWkutQLwPPsyWtVmL3zmaT1TmyN3v3_NfxOTad9X_I0GoW4=w45-h45-p-rp-mo-ba5-br100,Sumedh Shah,Local Guide Â· 82 reviews Â· 838 photos,5 years ago,College with great infrastructure and all the facilities which are required by a student .,Share
https://lh3.googleusercontent.com/a-/ALV-UjXaJO_7p8gwLRX0t_xYnBbJBGodOD-Ur4y8oJ05uLX-mn-7=w45-h45-p-rp-mo-br100,Sarvesh Pawar,2 reviews,4 years ago,"Greenery from all side, AC classroom, best institute of thane , supportive staff, best management,ðŸ˜Š â€¦",Share
https://lh3.googleusercontent.com/a-/ALV-UjWSk1vuvBXeBeDlf4tUiR--S-jlJgblk3qYISBKWXWIvA3c=w45-h45-p-rp-mo-br100,MANOJ M. MANIKSHETTI,4 reviews Â· 4 photos,3 years ago,Very nice place and it is situated near main road. Easy to find out.,Share
https://lh3.googleusercontent.com/a-/ALV-UjVX6PmnyuExXtDQrXiSGVaSf2_BCgoO8zhlmZQbj-muxRg=w45-h45-p-rp-mo-ba3-br100,Mayuresh Vartak,Local Guide Â· 46 reviews Â· 18 photos,5 years ago,Nice infrastructure .Bank and food available near by close to highway.,Share
https://lh3.googleusercontent.com/a/ACg8ocKn2F7G1nu7lD6e4WJCIwZxakN0HT0u_DnIQX3ydP4h=w45-h45-p-rp-mo-ba3-br100,Megha Soni,Local Guide Â· 60 reviews Â· 3 photos,3 years ago,"Went to take admission in the college, great staff and well organised.",Share
